Create database Veterinaria_proyecto
go

use Veterinaria_proyecto
go

create table info_usuario(
Nombre varchar(50) not null,
Telefono int,
DUI int,
Contraseña char(30),
Nombre_mascota char(30),
Mascota char(30),
Raza char(30),
Edad_mascota int
)

ALTER TABLE info_usuario ADD CONSTRAINT PK_nombre PRIMARY KEY (Nombre)

create table vacunas(
Nombre varchar(50),
Vacuna varchar(35)
)

ALTER TABLE vacunas ADD CONSTRAINT FK_vacunas FOREIGN KEY
(Nombre) REFERENCES info_usuario(Nombre)


create table citas 
(
Nombre varchar(50),
Cita char(30)
)

ALTER TABLE citas ADD CONSTRAINT FK_citas FOREIGN KEY
(Nombre) REFERENCES info_usuario(Nombre)



/*50 Ivan*/
insert into info_usuario values
('Soraya Jurado','48657796','456745689','dWpy9j8T','pikachu','Conejo','Belier holandes','2'),
('Jesus Varela','56898679','435656776','RKjCy9pz','Leah','Perro','yorkshire','5'),
('Nina Almagro','35778899','345875697','Sn9f6ue6QN','mishi','Gato','Bengala','4'),
('Amina Alvaro','35779865','147564789','m57sXxbnua','Bunny','Conejo','Belier holandes','3'),
('Imanol Torres','56867965','115678435','KF3ydW8PsL','footy','Perro','yorkshire ','1'),
('Ayman Otero','56867965','465768763','ECMh5upUmy','pelusa','Gato','Siberiano','3'),
('Obdulia Segovia','22577898','234545757','44Mfhysz5Z','Loba','Gato','Bengala','5'),
('Graciela Torres','96779354','234646364','xCJpwGr9ma','Hulk','Perro','Pastor Aleman','3'),
('Augusto Andujar','35767854','345465678','b8Efp57Rtq','adelle','Gato','Siberiano','1'),
('Jonatan Pizarro','23545674','456456564','GHRM7kqhLu','Taco','Perro','Akita','2'),
('Alejandro Tellez','67964573','456456784','JCmCecjU67','Bonbon','Conejo','Belier holandes','2'),
('Dani da Silva','34668799','567546456','tVuFzsf5zx','Chain','Perro','Bulldog','3'),
('Benjamin Cobo','56789908','456467467','UC9hCTRMtR','Kiara','Perro','Bulldog','1'),
('Baltasar Pozo','46776796','456856746','wuzRrsr6Dd','Lemon','Gato','Bengala','2'),
('Fatima Vivas','57868907','678564577','u5MugDgkdJ','Cotton','Conejo','Belier holandes','6'),
('Álvaro Raya','67867567','068456789','Hb5bnC3kb8','Dana','Perro','pastor alemán','3'),
('Camilo Rincon','56876898','047264674','BS54Qw7Pck','bella','Gato','Siberiano','6'),
('Marina Barros','78956743','174856779','Y94aQ8ZkSn','Mia','Perro','pastor alemán','2'),
('Anas Castellano','34645756','247569754','V85CWsBfSM','ines','Gato','Bengala','2'),
('Aya Villegas','56346865','479635789','rVcS9ue95u','Bimba','Perro','Akita','3'),
('Nancy Medina','47657869','284569407','h82yKnHuRv','candy','Gato','Ruso Azul','2'),
('Maria-Victoria Pinto','34565785','468424646','9sN8WsFxTL','caiser','Perro','Pastor Aleman','1'),
('Fco Llanos','84565876','345745646','pMzE5zjRVv','Lola','Perro','Akita','1'),
('Júlia Rial','56786543','234684576','QtT5CC83ff','Bolita','Conejo','Belier holandes','6'),
('Aleix Albert','34545675','678456843','GU5j7Cfmej','Kira','Perro','Akita','3'),
('Bonifacio Borrego','45634547','365479657','ARLqSus9EJ','Cosmo','Gato','Bengala','1'),
('Maria-Ines Valero','56867845','336345664','cdBC6QsSJM','Gamora','Conejo','Belier holandes','3'),
('Bianca Peñalver','57463467','467467445','euMRkA6MZS','Lucas','Perro','pastor alemán','2'),
('Patricia Teruel','45646345','678567456','C7z9PtBFtS','Drax','Perro','Akita','1'),
('Jesús Guisado','34534526','345647567','m4qN3eFAbr','Charlie','Gato','Bengala','3'),
('Pepe Saavedra','23554645','345345634','hAVZ5kE44G','Carrot','Conejo','Belier holandes','6'),
('Evangelina Quintero','67856364','342345697','88KjrkQZbx','Thanos','Perro','yorkshire ','2'),
('Margarita Haro','34656899','012345678','bSLbcJyL9u','Feliz','Gato','Ruso Azul','2'),
('Vega Gamero','67856745','345456342','pu2meTtYMv','Lechuga','Conejo','Belier holandes','2'),
('Axel Sanz','23443535','234585367','yEn98bVjYu','Mordiscos','Perro','aguacatero','1'),
('Gustavo Barrio','23423424','348537524','v4P7aMVbR9','Triturar','Perro','aguacatero','3'),
('Fermina Rodriguez','23423423','275867954','Uz2R645BbW','Poseidon','Perro','yorkshire ','4'),
('Rogelio Diallo','23423442','357975345','d2ruXWp6Hh','Figaro','Gato','Bengala','2'),
('Myriam Losada','23423423','34573456','zHpSke3pqK','Lucas','Perro','Yorshike ','1'),
('Faustina Escribano','12346683','345735345','kP9MxeRQA2','Leo','Perro','pastor alemán','5'),
('Unax Jerez','84634346','345637008','g9z2czGbNz','Bruno','Perro','aguacatero','2'),
('Aday Muñiz','35745674','046825112','vbPKda3YK6','Luna','Conejo','Belier holandes','5'),
('Fermina Perdomo','35757843','231237501','vq6gE98Md3','Mufasa','Perro','yorkshire ','2'),
('Leopoldo Amores','26857557','596938293','t3vTRcE5fD','Simba','Perro','Bulldog','1'),
('Armando Farre','45657855','434535637','7Mqe7K6phs','Gatsby','Gato','Bengala','2'),
('Maria-Josefa Arnau','45795674','348632256','rVs56jc78h','Rocky','Perro','yorkshire','4'),
('Raimundo Palomares','45757907','234235735','PwV4nKbSbj','bolita','Conejo','Belier holandes','2'),
('Josu Berrocal','67900875','235789567','yLTnmNeC4Z','chicheñol','Conejo','Belier holandes','4'),
('Mark Ubeda','45632556','135786577','RTgpv6xA7c','Thor','Perro','Bulldog','4'),
('Paco Prada','23435646','478579632','CyySN52jQN','Coco','Perro','yorkshire','2')

select * from info_usuario

insert into citas values
('Soraya Jurado','10-11-2021'),
('Jesus Varela','10-12-2021'),
('Nina Almagro','11-12-2021'),
('Amina Alvaro','20-11-2021'),
('Imanol Torres','10-11-2021'),
('Ayman Otero','02-02-2022'),
('Obdulia Segovia','10-11-2021'),
('Graciela Torres','10-04-2022'),
('Augusto Andujar','10-12-2021'),
('Jonatan Pizarro','10-11-2021'),
('Alejandro Tellez','30-11-2021'),
('Dani da Silva','10-11-2021'),
('Benjamin Cobo','30-11-2021'),
('Baltasar Pozo','10-11-2021'),
('Fatima Vivas','10-11-2022'),
('Álvaro Raya','10-11-2021'),
('Camilo Rincon','10-01-2022'),
('Marina Barros','11-02-2022'),
('Anas Castellano','10-11-2021'),
('Aya Villegas','10-11-2022'),
('Nancy Medina','10-11-2021'),
('Maria-Victoria Pinto','10-11-2022'),
('Fco Llanos','10-11-2021'),
('Júlia Rial','10-11-2022'),
('Aleix Albert','10-11-2021'),
('Bonifacio Borrego','10-11-2022'),
('Maria-Ines Valero','10-11-2021'),
('Bianca Peñalver','10-11-2021'),
('Patricia Teruel','10-11-2022'),
('Jesús Guisado','14-11-2021'),
('Pepe Saavedra','15-11-2021'),
('Evangelina Quintero','10-11-2021'),
('Margarita Haro','10-11-2021'),
('Vega Gamero','11-11-2021'),
('Axel Sanz','17-11-2021'),
('Gustavo Barrio','10-11-2021'),
('Fermina Rodriguez','10-11-2021'),
('Rogelio Diallo','14-01-2022'),
('Myriam Losada','18-11-2021'),
('Faustina Escribano','12-11-2021'),
('Unax Jerez','12-11-2021'),
('Aday Muñiz','16-02-2022'),
('Fermina Perdomo','16-01-2022'),
('Leopoldo Amores','10-01-2022'),
('Armando Farre','11-11-2021'),
('Maria-Josefa Arnau','10-03-2022'),
('Raimundo Palomares','15-11-2021'),
('Josu Berrocal','21-11-2021'),
('Mark Ubeda','22-11-2021'),
('Paco Prada','25-11-2021')

insert into vacunas values
('Soraya Jurado','parvovirus'),
('Jesus Varela','Microsporum canis'),
('Nina Almagro','Leptospira '),
('Amina Alvaro','distemper '),
('Imanol Torres','parvovirus'),
('Ayman Otero','distemper '),
('Obdulia Segovia','distemper '),
('Graciela Torres','parvovirus'),
('Augusto Andujar','parvovirus'),
('Jonatan Pizarro','Leptospira '),
('Alejandro Tellez','Microsporum canis'),
('Dani da Silva','parvovirus'),
('Benjamin Cobo','parvovirus'),
('Baltasar Pozo','distemper '),
('Fatima Vivas','Leptospira '),
('Álvaro Raya','Microsporum canis'),
('Camilo Rincon','parvovirus'),
('Marina Barros','Leptospira '),
('Anas Castellano','Microsporum canis'),
('Aya Villegas','distemper '),
('Nancy Medina','distemper '),
('Maria-Victoria Pinto','parvovirus'),
('Fco Llanos','Leptospira '),
('Júlia Rial','Leptospira '),
('Aleix Albert','Microsporum canis'),
('Bonifacio Borrego','parvovirus'),
('Maria-Ines Valero','hepatitis'),
('Bianca Peñalver','hepatitis'),
('Patricia Teruel','Leptospira '),
('Jesús Guisado','distemper '),
('Pepe Saavedra','distemper '),
('Evangelina Quintero','parvovirus'),
('Margarita Haro','parvovirus'),
('Vega Gamero','Microsporum canis'),
('Axel Sanz','Microsporum canis'),
('Gustavo Barrio','Microsporum canis'),
('Fermina Rodriguez','hepatitis'),
('Rogelio Diallo','hepatitis'),
('Myriam Losada','parvovirus'),
('Faustina Escribano','parvovirus'),
('Unax Jerez','parvovirus'),
('Aday Muñiz','hepatitis'),
('Fermina Perdomo','parvovirus'),
('Leopoldo Amores','parvovirus'),
('Armando Farre','hepatitis'),
('Maria-Josefa Arnau','distemper'),
('Raimundo Palomares','parvovirus'),
('Josu Berrocal','parvovirus'),
('Mark Ubeda','parvovirus'),
('Paco Prada','distemper ')

/*50 sequeira*/

INSERT INTO info_usuario values
('Juan Alberto','92874441','799022735','f3sR&DULD66i','Thor','Perro','Mastín inglés','1'),
('Sofia Hernandez','47313091','070573973','j6vHcxMJ#66X','Coco','Perro','Chihuahua','2'),
('Josue Dominguez','15632959','032810412','luieJND#jPP$','Malia','Gato','Gato ragdoll','5'),
('Lizbeth Figueroa','40527071','495398661','ttfP&RQwsOG*','Lily','Gato','Gato ragdoll','6'),
('Camila Renderos','17958258','829886274','Liv%p4CIb4z4','Khan','Perro','Mastín inglés','3'),
('Nicolle Soto','35199394','959130282','ymfoWpnA$#SW','Minnie','Perro','Chihuahua','3'),
('Paola Osorio','87949746','463903870','44l$RGqjIDGq','Ares','Perro','Mastín inglés','3'),
('Andrea Cañas','90485210','981979597','2p*Uu8Nf5H!Y','Zeuz','Gato','siamés','1'),
('Miguel Fuentes','55165004','565479597','VA0C2m&%kRaJ','Macho','Gato','siamés','2'),
('Josias Funes','43047912','425725103','Er9DFSMU$Uqi','Niño','Gato','Gato Chantilly-Tiffany','7'),
('Ivan Reyes','95144675','020117177','B$24ffBrxyQA','Linda','Conejo','mini lion lop','1'),
('Rodrigo Avila','13420930','825373332','dW^90m@jRVw%','Doncella','Conejo','mini lion lop','1'),
('Benjamin Jurado','38132934','173655265','bUj@9U@OCkq1','Monica','Conejo','mini lion lop','1'),
('Gabriela Alvarado','51465833','868879697','nt@lT#GCM!t2','José','Perro','Mastín inglés','4'),
('Valentina Zepeda','15458441','857494727','q2M2iT&vmD3z','Luz','Conejo','cabeza de león','5'),
('Aaron Perez','98702905','397652289','HwAdy&$x#Dxe','Lucy','Conejo','cabeza de león','5'),
('Sung Jin','59306899','474262232','DD$^hGQ&iC!a','Asesino','Perro','Labrador Retriever','3'),
('Javier Wong','93949784','715454926','7SKJts*@4Am$','Bambie','Conejo','mini lop','3'),
('Ivan Bustillo','38209509','306072390','cSvLfeTJb^$1','Yanke','Conejo','blanco de florida','2'),
('Ariana Angel','06346925','840277590','KfuinPv5R5d%','Yanpol','Conejo','mini lop','2'),
('Luciana Mancia','98882861','988424826','aj$4zhA1MCX#','Dogger','Conejo','blanco de florida','6'),
('Sol Zepeda','55385236','906503743','JBANo%lD&%N@','Victor','Perro','Labrador Retriever','2'),
('Mario Alvarado','02146849','713840500','ZI$sEPvEiv#8','Arzeus','Perro','Labrador Retriever','3'),
('Elizabeth Sanchez','43122418','794647039','JacF&!QKQ^p#','Askan','Perro','Akita Americano','1'),
('Jessica Zepeda','32960594','887548913','$oYJcn6!rruD','Tequila','Perro','Chihuahua','9'),
('Arnoldo Soto','91205989','904289349','M#8@1La*ACIq','Lu','Perro','Chihuahua','5'),
('Leah Angel','32555796','063437130','^&mkj!UBOJuI','Niña','Conejo','blanco de florida','2'),
('Nate Gentile','09896845','090854645','erb94gmDStG!','Shadow','Perro','poodle mediano','3'),
('Ruben Dario','52782271','650189013','wojM&36oNN@d','Cesar','Conejo','californiano','2'),
('Miguel Angel','46991471','535988602','#%o1W&hYqvvK','Yeti','Conejo','californiano','5'),
('Ernesto Bukele','71350945','137122586','WDxTTIPVfN^A','Nino','Gato','siamés','9'),
('Mauricio Funes','00079307','836945846','6KK7%45ow#*D','Michi','Perro','Akita Americano','14'),
('David Mejia','38928176','325923884','dYNQ&Zo%e^KN','Rocio','Perro','Akita Americano','10'),
('Veralicia Romero','09035139','654376635','u%dtLSSkgUFc','Hercules','Perro','Pit bull terrier americano','4'),
('Diego Casitillo','77875806','445139624','VpHWZ#Oc6g#e','Sol','Gato','angora turco','3'),
('Harley Soriano','98391208','475067446','pJGJgX^fGatf','Lina','Gato','angora turco','6'),
('Daniel Abrego','79282796','533971534','o3Z%RP2SQ$a1','Nali','Perro','poodle mediano','3'),
('Sofia Rodriguez','43331811','684198150','o$nHD980h86D','Anil','Perro','Pit bull terrier americano','5'),
('Maria Morales','64594725','853459294','*rpOP#w74JfK','Hercules','Gato','Gato Chantilly-Tiffany','4'),
('Camila Paniagua','83001371','791189242','0YnKMRIsv$y6','Taylor','Perro','Pit bull terrier americano','8'),
('Jansy Figueroa','73816908','485905821','#0ey^YTogod4','Esponjoso','Perro','Pit bull terrier americano','9'),
('Rodrigo Morales','46906378','704149069','f3fo!G*XgYWj','Pulga','Perro','Biewer yorkshire terrier','3'),
('Jennifer Aniston','07607844','564782616','EHu9ejziiW$P','Lunita','Perro','Cocker spaniel','2'),
('Nayib Bukele','98779469','817417999','YKVG142W%LzQ','Sivar','Gato','Habana','3'),
('Paulo Londra','47447085','871385292','O5vaKyhFt&$#','Simba','Perro','Pastor del sur de Rusia','1'),
('Bruno Mars','8045014','388756028','y5abTNX*Yhfd','Maui','Perro','Cocker spaniel','1'),
('Sonia Lopez','95363219','168800509','wV1PH*WVq^Rx','Pollo','Gato','Habana','5'),
('Morena Hidalgo','77112920','282311940','NzHva%cDfm4*','Toby','Perro','Cocker spaniel','5'),
('Juan Dominguez','72228332','549415127','wYYnpI@kTb^o','Tiny','Gato','británico de pelo largo','10'),
('José Siguenza','77503935','986867828','vXk&$G%GqTCI','Tony','Perro','Akita inu','5')

INSERT INTO citas values
('José Siguenza','10-11-2021'),
('Morena Hidalgo','09-11-2021'),
('Paulo Londra','12-11-2021'),
('Camila Paniagua','15-11-2021'),
('Harley Soriano','11-11-2021'),
('Jansy Figueroa','10-11-2021'),
('Juan Dominguez','10-11-2021'),
('Sonia Lopez','13-11-2021'),
('Bruno Mars','11-11-2021'),
('Nayib Bukele','12-11-2021'),
('Jennifer Aniston','13-11-2021'),
('Rodrigo Morales','14-11-2021'),
('Maria Morales','15-11-2021'),
('Sofia Rodriguez','16-11-2021'),
('Daniel Abrego','17-11-2021'),
('Harley Soriano','18-11-2021'),
('Diego Casitillo','19-11-2021'),
('Veralicia Romero','20-11-2021'),
('David Mejia','20-11-2021'),
('Mauricio Funes','21-11-2021'),
('Ernesto Bukele','22-11-2021'),
('Miguel Angel','23-11-2021'),
('Ruben Dario','24-11-2021'),
('Nate Gentile','25-11-2021'),
('Leah Angel','26-11-2021'),
('Arnoldo Soto','27-11-2021'),
('Jessica Zepeda','28-11-2021'),
('Elizabeth Sanchez','29-11-2021'),
('Mario Alvarado','30-11-2021'),
('Sol Zepeda','1-12-2021'),
('Luciana Mancia','2-12-2021'),
('Ariana Angel','3-12-2021'),
('Ivan Bustillo','4-12-2021'),
('Javier Wong','5-12-2021'),
('Sung Jin','6-12-2021'),
('Aaron Perez','7-12-2021'),
('Valentina Zepeda','8-12-2021'),
('Gabriela Alvarado','9-12-2021'),
('Benjamin Jurado','10-12-2021'),
('Rodrigo Avila','12-12-2021'),
('Ivan Reyes','12-12-2021'),
('Josias Funes','13-12-2021'),
('Miguel Fuentes','14-12-2021'),
('Andrea Cañas','15-12-2021'),
('Paola Osorio','16-12-2021'),
('Nicolle Soto','17-12-2021'),
('Camila Renderos','18-12-2021'),
('Lizbeth Figueroa','19-12-2021'),
('Josue Dominguez','20-12-2021'),
('Sofia Hernandez','21-12-2021')

select * from vacunas

INSERT INTO vacunas VALUES
('José Siguenza','Parvovirus'),
('Morena Hidalgo','Microsporum canis'),
('Paulo Londra','Leptospira'),
('Camila Paniagua','Distemper'),
('Harley Soriano','Microsporum canis'),
('Jansy Figueroa','Microsporum canis'),
('Juan Dominguez','Leptospira'),
('Sonia Lopez','Distemper'),
('Bruno Mars','Parvovirus'),
('Nayib Bukele','Parvovirus'),
('Jennifer Aniston','Microsporum canis'),
('Rodrigo Morales','Microsporum canis'),
('Maria Morales','Microsporum canis'),
('Sofia Rodriguez','Parvovirus'),
('Daniel Abrego','Parvovirus'),
('Harley Soriano','Parvovirus'),
('Diego Casitillo','Distemper'),
('Veralicia Romero','Distemper'),
('David Mejia','Leptospira'),
('Mauricio Funes','Leptospira'),
('Ernesto Bukele','Microsporum canis'),
('Miguel Angel','Parvovirus'),
('Ruben Dario','Parvovirus'),
('Nate Gentile','Distemper'),
('Leah Angel','Distemper'),
('Arnoldo Soto','Distemper'),
('Jessica Zepeda','Microsporum canis'),
('Elizabeth Sanchez','Distemper'),
('Mario Alvarado','Microsporum canis'),
('Sol Zepeda','Microsporum canis'),
('Luciana Mancia','Leptospira'),
('Ariana Angel','Distemper'),
('Ivan Bustillo','Distemper'),
('Javier Wong','Microsporum canis'),
('Sung Jin','Microsporum canis'),
('Aaron Perez','Microsporum canis'),
('Valentina Zepeda','Microsporum canis'),
('Gabriela Alvarado','Leptospira'),
('Benjamin Jurado','Leptospira'),
('Rodrigo Avila','Leptospira'),
('Ivan Reyes','Distemper'),
('Josias Funes','Distemper'),
('Miguel Fuentes','Distemper'),
('Andrea Cañas','Microsporum canis'),
('Paola Osorio','Leptospira'),
('Nicolle Soto','Distemper'),
('Camila Renderos','Microsporum canis'),
('Lizbeth Figueroa','Leptospira'),
('Josue Dominguez','Distemper'),
('Sofia Hernandez','Microsporum canis')

